{
    "1": 40.3793,
    "2": 32.4257,
    "3": 38.412800000000004,
    "4": 26.0,
    "5": 5097.40353009548,
    "6": null,
    "7": 5074.663625330694,
    "8": 5029.695315857681,
    "9": 5109.409467321986,
    "10": 5078.904918406026,
    "11": 5010.603037999634,
    "12": 5162.388322558655,
    "13": 5035.385574598402,
    "14": 5022.03707630138,
    "15": 5032.2005207639095,
    "16": 5028.973074574908,
    "17": 5056.428977924519,
    "18": 5035.995167236853,
    "19": 5019.465972178197,
    "20": 40.3793,
    "21": 40.3793,
    "22": 1281.0208,
    "23": 1766.996981096807,
    "24": 514.9905,
    "25": 1746.503252017771,
    "26": 1705.9767695626063,
    "27": 1777.8170099142078,
    "28": 1750.3256036120154,
    "29": 1688.7703663708733,
    "30": 1825.5627818234693,
    "31": 1711.1049625883988,
    "32": 1699.074986625844,
    "33": 1708.2345182720564,
    "34": 1705.325868983561,
    "35": 1730.0697652613708,
    "36": 1711.6543415990066,
    "37": 1696.7578480151274,
    "38": 1880.820085104683,
    "39": 1857.2081089120486,
    "40": 1810.515272522334,
    "41": 1893.2864479542545,
    "42": 1861.6120548457097,
    "43": 1790.6908090995369,
    "44": 1948.2970331568115,
    "45": 1816.4237517048814,
    "46": 1802.563340799168,
    "47": 1813.1165516048718,
    "48": 1809.7653334108663,
    "49": 1838.2741659211156,
    "50": 1817.056722115936,
    "51": 1799.8936352760652,
    "52": 1599.5886219371016,
    "53": 1599.5330131897686,
    "54": 1599.423046530482,
    "55": 1599.6179815644452,
    "56": 1599.5433849568199,
    "57": 1599.3763577836994,
    "58": 1599.747537418145,
    "59": 1599.4369616353974,
    "60": 1599.4043188747196,
    "61": 1599.429172822922,
    "62": 1599.4212803430937,
    "63": 1599.4884217145268,
    "64": 1599.4384523488968,
    "65": 1599.3980314306414,
    "66": 1833.9860863412782,
    "67": 1808.1604350122757,
    "68": 1757.090041652354,
    "69": 1847.6211983567773,
    "70": 1812.9772606446,
    "71": 1735.4069908155743,
    "72": 1907.789147928436,
    "73": 1763.552453862508,
    "74": 1748.3925986937854,
    "75": 1759.9351964181806,
    "76": 1756.2697940859186,
    "77": 1787.4513928729061,
    "78": 1764.2447666534456,
    "79": 1745.4726023568303,
    "80": 1563.9573,
    "81": 1563.9573,
    "82": 1563.9573,
    "83": 1563.9573,
    "84": 1563.9573,
    "85": 1563.9573,
    "86": 1563.9573,
    "87": 1563.9573,
    "88": 1563.9573,
    "89": 1563.9573,
    "90": 1563.9573,
    "91": 1563.9573,
    "92": 1563.9573,
    "93": 1563.9573,
    "94": 1880.7680953539002,
    "95": 1853.0079718523587,
    "96": 1798.112147197915,
    "97": 1895.4245463640063,
    "98": 1858.185602136887,
    "99": 1774.8049259607396,
    "100": 1960.0993802981282,
    "101": 1805.058626835014,
    "102": 1788.7632216818974,
    "103": 1801.170418475342,
    "104": 1797.2304589316245,
    "105": 1830.7477175004415,
    "106": 1805.8027973627304,
    "107": 1785.6245028203564,
    "108": 1910.4011573401212,
    "109": 1876.8167981002393,
    "110": 1810.4035094179317,
    "111": 1928.1326172119693,
    "112": 1883.0807254014717,
    "113": 1782.2062972956862,
    "114": 2006.3766083275932,
    "115": 1818.8074009774164,
    "116": 1799.0931248290665,
    "117": 1814.1034238375637,
    "118": 1809.3368378135692,
    "119": 1849.8862126190756,
    "120": 1819.707702819992,
    "121": 1795.2958844532038,
    "122": 1818.8707624870287,
    "123": 1795.8091680274624,
    "124": 1750.2047150921603,
    "125": 1831.0465415102308,
    "126": 1800.1104604866525,
    "127": 1730.8423486343427,
    "128": 1884.7748612652085,
    "129": 1755.9754709860783,
    "130": 1742.4381383739005,
    "131": 1752.745359839056,
    "132": 1749.4722566347684,
    "133": 1777.3165644768264,
    "134": 1756.593687216925,
    "135": 1739.8306621678444,
    "136": 38.194763937074114
}