{
    "1": 151.4155,
    "2": 160.63251776685334,
    "3": 30.999200000000002,
    "4": 372.65015,
    "5": 582.6222316316132,
    "6": 157.52071728734117,
    "7": 109.0591,
    "8": 568.7748182801674,
    "9": 118.0,
    "10": 372.65015,
    "11": 568.7748182801674,
    "12": 372.65015,
    "13": 568.7748182801674,
    "14": 372.65015,
    "15": 568.7748182801674,
    "16": 372.65015,
    "17": 568.7748182801674,
    "18": 372.65015,
    "19": 568.7748182801674,
    "20": 372.65015,
    "21": 568.7748182801674,
    "22": 372.65015,
    "23": 568.7748182801674,
    "24": 372.65015,
    "25": 568.7748182801674,
    "26": 372.65015,
    "27": 568.7748182801674,
    "28": 372.65015,
    "29": 568.7748182801674,
    "30": 372.65015,
    "31": 568.7748182801674,
    "32": 372.65015,
    "33": 568.7748182801674,
    "34": 372.65015,
    "35": 568.7748182801674,
    "36": 372.65015,
    "37": 568.7748182801674,
    "38": 372.65015,
    "39": 568.7748182801674,
    "40": 372.65015,
    "41": 568.7748182801674,
    "42": 372.65015,
    "43": 568.7748182801674,
    "44": 156.5403
}